{
    "loss": 10.193544387817383,
    "accuracy": 0.690077006816864
}