{
    "loss": 5.697737693786621,
    "accuracy": 0.6115108132362366
}