{
    "loss": 9.714296340942383,
    "accuracy": 0.7276846170425415
}